group,Filename,Bif_ampl_local ,Bif_ampl_remote ,Bif_tilt_local ,Bif_tilt_remote ,Bif_torque_local ,Bif_torque_remote ,Branch_Order,Branch_pathlength ,Contraction,Daughter_Ratio ,Depth ,Diam_threshold ,Diameter ,Diameter_pow ,EucDistance ,Fractal_Dim ,Fragmentation ,Height ,Helix ,HillmanThreshold ,Last_parent_diam ,Length ,N_bifs,N_branch,N_stems,N_tips,Parent_Daughter_Ratio ,Partition_asymmetry ,PathDistance,Pk ,Pk_2 ,Pk_classic ,Rall_Power ,SectionArea ,Soma_Surface,Surface ,Taper_1 ,Taper_2 ,TerminalSegment ,Terminal_degree ,Type ,Volume ,Width 
PMLS_PLLS_21a,30_1_1_21a.CNG.swc,6652.06,5829.69,7602.88,7981.37,6914.75,6715.79,4566,8777.95,153.24,82,44.2,52.3851,264.828,286.163,185179,92.1971,820,738.24,0.56,66.8277,7,8778.79,79,166,8,88,159.636,41.9995,253568,158,163.25,161.01,0,388.914,9947.92,8662.08,3.033,2.36388,526,2745,2938,3123.75,446.957
PMLS_PLLS_21a,30_4_1_21a.CNG.swc,8250.35,6680.84,10055.1,11290,8188.59,7305.97,6547,11382,197.802,114,58.6,143.693,1043.79,1221.89,186199,92.996,961,718.919,-3.36,142.818,30.25,11383,103,213,7,111,213.614,60.7815,253556,206,230.167,219.923,0,1237.75,10798.5,40052.8,2.9643,-11.8638,583,2882,3444,14735.1,471.87
PMLS_PLLS_21a,31_1_1_PLLS.CNG.swc,7909.2,7363.25,8020.26,8320.43,7111.69,6921.47,4850,6685.54,161.903,108.939,62.84,78.4646,432.062,528.683,104857,88.5534,852,521.238,4.1,85.1633,13.87,6686.45,85,176,6,92,190.293,48.2538,180888,170,316.816,224.711,0,681.388,12869,14550.5,2.89468,-33.9655,518,2904,2909,8024.48,384.13
PMLS_PLLS_21a,31_1_1_PMLS.CNG.swc,5390.15,5158.41,5830.45,6095.63,5691.84,5903.95,4064,3521.73,120.889,67.3333,33.38,44.287,178.966,263.208,88466.1,78.9335,873,505.319,2.73,52.7113,2.79,3522.43,63,134,8,72,128.794,36.3568,123577,126,135.251,131.354,0,475.839,15698.5,2544.97,6.166,4.12292,417,2932,2705,3992.53,189.66
PMLS_PLLS_21a,31_1_2_PMLS.CNG.swc,7670.86,7111.03,9372.18,9772.05,8380.52,8408.82,6479,9431.6,175.89,98.21,45.59,62.3494,397.664,440.474,178714,129.226,1491,634.951,1.85,72.2367,6.17,9432.52,93,196,10,104,185.35,51.9506,304710,186,186.589,185.635,0,695.195,24691.7,7896.09,8.10168,8.48324,924,4045,5077,6615.89,359.282
PMLS_PLLS_21a,31_1_3_PMLS.CNG.swc,3698.7,3375.75,3566.7,3867.48,3332.88,3166.47,2790,3755,77.3253,41,34.61,35.5234,137.945,205.527,64042.3,68.2764,779,286.674,-2.2,50.3452,1.32,3755.48,41,89,7,49,82.0562,26.1595,92808.5,82,82,82,0,359.464,10454.6,2109.86,4.89736,6.94378,484,1630,2331,2655.96,194.585
PMLS_PLLS_21a,31_1_4_PMLS.CNG.swc,6681.34,5202.78,6941.91,7519.86,6599.96,6526.24,4463,7111.64,134.589,73.1667,39.38,52.9022,212.123,317.515,142918,93.8257,849,554.911,0.15,52.9672,4.21,7112.41,71,149,7,79,142.608,42.205,237465,142,144.571,143.34,0,590.503,21409.1,5905.62,5.12174,0.975722,471,3323,2856,5627.02,514.068
PMLS_PLLS_21a,31_1_5_PMLS.CNG.swc,4405.42,3775.26,5718.22,6356.87,4779,5129.34,2962,4592.88,104.684,56,58.47,45.4203,162.325,272.063,76053.7,66.3853,721,537.459,-2.6,45.4203,2.69,4593.46,56,116,4,61,112.027,32.0957,111380,112,112,112,0,519.896,18095.6,3599.26,2.44656,0.723237,428,2183,2376,4655.7,315.09
PMLS_PLLS_21a,31_1_6_PMLS.CNG.swc,8251.85,6812.49,8832.66,9587.13,7897.57,8090.67,5544,8201.22,173.098,110,37.4,48.5148,253.432,248.646,147514,116.214,1176,461.73,-3.2,48.6398,5.44,8202.11,92,192,8,101,191.115,56.4443,243447,184,223.339,201.953,0,322.872,7517.32,6393.15,6.58664,-1.04171,726,4427,3522,2314.94,331.67
PMLS_PLLS_21a,31_1_7_PMLS.CNG.swc,4558.06,3812.95,4462.65,4998.96,4158.28,4452.93,1991,4320.62,93.2326,63.438,17.91,55.2504,232.851,277.845,58251.1,45.9074,488,563.559,1.49,55.3104,9.21,4321.12,49,103,5,55,104.681,27.9738,92205.1,98,132.289,113.886,0,337.387,5263.8,6817.74,2.57508,-9.86338,284,1539,1682,2652.08,387.54
PMLS_PLLS_21a,31_2_1_PLLS.CNG.swc,5632.4,5237.63,7137.95,7561,5795.02,6143.18,3418,6629.05,136.924,70.5871,15.75,72.3796,469.519,499,81588.7,61.055,692,548.761,-1.12,79.2595,13.04,6629.75,69,145,7,77,137.12,37.5314,102039,135.399,135.991,136.354,3.22,525.646,8645.58,13065.2,5.03774,6.78476,410,1878,2393,4204.07,345.891
PMLS_PLLS_21a,31_3_1_PLLS.CNG.swc,4962.57,4747.01,6229.95,6326.3,4968.82,4460.01,2638,5386.46,121.063,105.083,17.88,75.6184,318.823,534.724,66702.6,69.0443,717,301.85,1.93,97.9076,7.06,5387.1,61,131,9,71,145.909,35.2944,88277.8,122,344.121,197.882,0,972.971,37766.7,10135.1,7.61141,-29.5756,454,1583,2507,11275.4,316.324
PMLS_PLLS_21a,31_3_2_PLLS.CNG.swc,5379,4568.45,6222.56,6715.14,4921.97,5060.25,3121,4753.14,121.165,83,51.29,60.6688,183.063,403.476,71401.4,65.9481,663,523.74,0.21,71.966,3.66,4753.78,64,135,7,72,143.109,33.646,103794,128,208.863,164.643,0,917.027,42586.1,5316.59,4.6855,-30.2911,399,1677,2285,10971,249.75
PMLS_PLLS_21a,31_3_3_PLLS.CNG.swc,5063.76,4597.58,5188.72,5481.94,4936.48,5263,2665,4316.59,107.82,77.1667,27.72,41.3526,146.854,207.342,73217.4,53.9323,569,460.12,0.2,48.1082,3.59,4317.15,55,118,8,64,126.789,33.8103,107772,110,205.339,152.384,0,328.556,8621.59,3595.46,4.72882,-14.4652,311,2425,2036,2366.83,339.09
PMLS_PLLS_21a,31_4_1_PLLS.CNG.swc,7191.98,6279.43,7362.55,8145.52,7324.3,7364.6,3912,6359.08,154.46,96,29.43,70.2621,316.643,402.281,100668,77.8183,703,549.382,0.16,96.7087,11.75,6359.91,78,166,10,89,165.892,40.999,133284,156,200.812,178.156,0,592.894,17178.1,9271.77,5.31715,-12.8918,433,2591,2356,5456.8,372.579
PMLS_PLLS_21a,34_1_1_21a.CNG.swc,3041.1,2928.93,3564.17,3637.41,3256.95,3242.72,792,3135.9,78.3509,38,26.59,30.6406,89.011,144.198,26515.5,33.6638,327,485.939,0.78,48.0411,1.95,3136.3,36,82,10,47,72.6024,18.5,39699.8,72,74.25,73.182,0,224.609,5043.32,2285.8,5.73781,6.11519,219,737,1075,1370.54,181.593
PMLS_PLLS_21a,34_1_1_PMLS.CNG.swc,4901.5,4429.66,5998.05,6454.86,5439.03,4959.06,3505,3818.57,116.642,64.3333,35.35,35.435,120.343,171.58,52602.3,57.4546,561,353.27,0.42,41.9538,2.93,3819.19,60,124,4,65,121.164,34.3535,68910.5,120,125.141,122.679,0,271.875,6722.44,2388.87,2.58139,0.66945,395,1575,1939,1763.68,281.071
PMLS_PLLS_21a,40_2_1_PMLS.CNG.swc,6316.67,5289.86,7730.99,8329.28,6674.91,6909.37,6352,7053.53,145.998,93.9167,71.21,53.8052,260.253,296.258,103800,81.9357,931,443.949,2.59,61.3989,7.48,7054.27,75,156,6,82,160.479,40.3899,160383,159.359,195.009,173.251,0.945,433.152,12113.9,6873.26,1.89038,-9.93904,709,2470,3309,3524.28,277.239
PMLS_PLLS_21a,57_4_1_21a.CNG.swc,6898.86,5927.59,7912.79,8741.55,6680.16,6922.79,6094,9007.79,159.299,86,17.33,51.5832,277.875,277.185,132600,85.8821,898,566.9,-0.58,58.4789,5.5,9008.69,82,172,8,91,165.145,54.9389,176897,164,168.5,166.364,0,350.221,8217.48,8582.27,6.16093,0.854984,562,2389,3082,2668.75,510.09
PMLS_PLLS_21a,57_4_2_21a.CNG.swc,5701.49,4945.69,5686.01,6184.42,4572.37,4616.58,2852,6737.32,124.125,78,18.25,49.7953,232.318,268.691,79620.6,64.3617,678,588.951,3.27,57.0567,7.5,6738.06,63,133,7,71,132.138,31.2579,116641,126,148.5,138.577,0,376.208,9606.7,6997.43,6.07274,-1.13772,432,1701,2049,2929.58,294.769
PMLS_PLLS_21a,57_4_3_21a.CNG.swc,8256.79,6870.65,8358.45,9400.45,8282.5,8302.89,6636,10259.9,175.51,96,29.62,58.1414,292.212,322.636,162098,106.008,945,838.782,-5.29,74.212,6.25,10260.8,91,189,7,99,184.107,55.5075,225831,182,189.5,186.192,0,469.21,13625.8,9546.15,5.07523,1.89277,596,3012,3221,4034.07,411.324
PMLS_PLLS_21a,57_4_4_21a.CNG.swc,7074.1,5973,7670.85,8332.32,6276.5,5777.2,3948,7588.51,156.978,80,17.26,52.1658,204.374,251.932,108577,68.3169,619,629.67,2.55,59.1447,6.75,7589.34,80,166,6,87,162.102,42.1462,134479,160,166,163.657,0,373.717,9994.68,6911.71,4.99617,1.89801,370,1838,2236,2923.56,299.468
PMLS_PLLS_21a,58_2_1_PLLS.CNG.swc,7332.87,6067.52,10350.5,11174.3,8405.49,8538.96,5252,10919.8,185.422,104,10.59,98.6548,412.857,698.008,160758,112.255,916,727.969,0.22,98.5298,10,10920.8,95,198,8,104,193.091,58.828,222082,190,202,196.556,0,1533.04,86486.6,16462,7.99528,2.90895,578,2735,3005,23102.2,368.05
PMLS_PLLS_21a,58_2_1_PMLS.CNG.swc,5760.2,5030.48,6374.49,6950.15,5988.79,5039.78,3039,6499.23,130.626,78,28.09,52.9564,207.99,291.778,69523.8,62.208,528,678.169,-0.35,52.9564,5.75,6499.91,68,140,4,73,138.561,38.5682,105951,136,147.25,141.91,0,466.177,13725.5,8053.11,2.4012,-4.04115,337,1737,1904,4288.58,382.652
PMLS_PLLS_21a,58_3_1_PMLS.CNG.swc,8979.33,7462.32,8774.86,9141.59,7982.76,8707.53,7279,9266.72,174.807,99,20.53,59.0492,289.699,318.493,170616,95.1559,864,726.881,1.57,59.0492,7,9267.66,92,187,3,96,185.048,57.2748,264329,184,190,186.899,0,443.166,12036.3,9500.66,2.79903,-1.04792,542,3723,3218,3737.92,362.658
PMLS_PLLS_21a,58_3_2_PMLS.CNG.swc,7795.41,6971.36,7947.73,8414.96,6245.57,6883.06,3658,7358.94,164.11,111.5,32.32,97.0902,450.01,601.206,83038.2,74.6404,640,393.088,0.44,97.0902,16.5,7359.82,85,176,6,92,186.109,45.0823,127737,170,249.389,207.274,0,818.414,19609.9,17142.5,3.10849,-16.1086,388,2002,2164,9029.15,271.152
PMLS_PLLS_21a,58_4_1_PLLS.CNG.swc,5066.94,4061.06,5431.59,6138.39,4622.17,4079.49,3137,5564.48,113.328,94.0109,18.17,127.93,882.471,1239.59,81906.1,71.2898,726,382.23,-0.89,132.735,24.73,5565.14,58,124,8,67,138.972,33.9947,105224,116,250.782,174.088,0,1562.1,13805.1,25791,4.50467,-20.4765,506,1838,2519,16766.2,347.898
PMLS_PLLS_21a,58_4_1_PMLS.CNG.swc,6345.95,4888.92,7927.24,8624.09,7610.06,7191,4248,6753.85,151.76,77,13.16,102.262,549.392,698.865,79434.6,71.1444,654,402.32,-0.07,102.262,17.25,6754.68,77,160,6,84,154.221,46.8817,101501,154,154,154,0,940.076,26561.9,17170.7,6.08969,5.7792,410,1832,2315,9615.61,339.871
PMLS_PLLS_21a,58_5_1_PLLS.CNG.swc,6923.77,5798.74,7463.22,7713.86,5829.33,6204.05,3601,6675.8,150.299,102.48,14.47,70.3952,308.153,390.893,61524.1,67.1821,611,441.599,1.31,69.6402,10.49,6676.66,77,160,6,84,170.152,47.1387,98710.9,154,244.189,194.52,0,547.959,14304.5,11442.1,3.69654,-26.5922,373,1707,1977,5413.36,366.952
PMLS_PLLS_21a,61_3_1_21a.CNG.swc,2805.14,2089.01,3390.47,3884.1,2359.07,2207.25,1015,5349.42,71.5893,43,20.19,37.3817,128.948,178.746,43575.1,26.2431,279,993.83,-0.41,43.1647,2.75,5349.81,35,76,6,42,72.6693,25.2481,54725.5,70,81.25,75.9099,0,247.286,5176.52,6785.06,4.00109,0.330736,186,611,983,1960.13,231.871
PMLS_PLLS_21a,61_4_1_21a.CNG.swc,2179.03,1553.37,3168.13,3585.37,3105.17,2958.73,955,3427.02,59.7631,32,157.69,32.7712,98.4068,145.281,31941.6,24.535,221,403.031,0.76,43.5318,3.25,3427.4,30,66,6,37,60.6608,18.4003,46674.2,60,62.25,61.182,0,203.461,4037.83,3966.93,1.87018,4.33924,150,551,783,1348.29,194.546
PMLS_PLLS_21a,62_1_1_PLLS.CNG.swc,2083.09,1872.71,3567.21,3700.83,2327.99,2763.6,744,4146.31,69.9346,34,19.14,49.4327,125.669,286.774,36510.8,37.5813,322,474.58,1.04,87.1154,3.36,4146.7,31,74,12,44,67.3095,16.6508,42424.2,62,77.6806,71.4993,0,592.974,22179.8,4380.64,5.64166,-1.80948,208,645,1115,5808.07,236.489
PMLS_PLLS_21a,62_1_1_PMLS.CNG.swc,3187.39,2194.79,3812.89,4496.85,3177.43,3436.88,1324,3627.28,74.5999,39.0833,19.84,40.4376,155.061,226.439,38779.9,38.8267,374,398.58,2.73,40.3726,4.35,3627.66,38,81,5,44,77.145,18.787,47976.4,76,79.3403,78.007,0,341.572,8496.57,4628.66,5.02281,-9.56168,240,915,1311,2575.14,196.32
PMLS_PLLS_21a,62_1_2_PLLS.CNG.swc,1713.01,1643.86,2644.95,2775.98,1651.11,1901.27,639,3190.94,51.2561,27,10.47,34.766,102.774,176.142,25880.5,23.5951,224,404.5,-0.09,47.649,3,3191.21,24,55,7,32,48.1538,9.47619,32035.7,48,49.5,48.5355,0,281.647,6889.61,3301.61,3.41066,3.84625,163,410,795,1930.12,316.87
PMLS_PLLS_21a,62_2_1-PMLS.CNG.swc,3477.58,2842.33,4413.43,4747.35,2852.31,2855.48,1196,3812.54,87.2508,47,25.55,39.8926,154.464,188.005,33192.3,33.6736,385,350.61,0.51,51.3389,5.5,3813.01,42,93,9,52,84.6944,21.4601,45713.6,84,87.75,85.7175,0,243.358,4851.14,4473.35,4.56851,4.30555,234,847,1276,1599.72,245.67
PMLS_PLLS_21a,62_3_1_PLLS.CNG.swc,6006.46,4695.46,6858.06,7467.76,6206.35,6034.06,4726,7091.51,130.93,73,49.66,44.703,189.43,206.189,148444,63.8565,537,673.971,0.37,44.328,6,7092.21,68,138,2,71,140.043,38.6609,194567,136,149.5,143.849,0,254.438,5044.08,7370.75,1.49817,-4.04264,288,2864,2122,1867.26,364.191
PMLS_PLLS_21a,62_3_1_PMLS.CNG.swc,3639.46,3335.07,3122.38,3473.41,2589.56,2405.73,1287,2741.85,75.2343,40.1667,35.97,33.559,86.5136,173.904,22187.9,31.6591,334,308.209,1.29,33.624,2.06,2742.25,38,80,4,43,77.161,16.6952,30535.9,76,81.1414,78.6792,0,312.776,8598.87,1830.98,3.85035,-1.4943,240,652,1066,2197.96,108.632
PMLS_PLLS_21a,62_4_1_PLLS.CNG.swc,3496.01,3093.53,4343.09,4377.05,3090.17,2722,1516,3942.04,88.1031,42,39.7,44.2181,171.327,221.59,40263.4,40.8622,371,356.247,0.28,56.8272,5.75,3942.49,42,94,10,53,84.2139,22.9961,54841.9,84,84,84,0,301.808,6668.08,5384.79,5.19471,9.78614,258,894,1172,2193.65,251.987
PMLS_PLLS_21a,62_4_1_PMLS.CNG.swc,1416.12,1104.23,1887.78,1956.15,1452.61,1310.57,525,2880.99,44.3436,19,358.35,36.7582,94.5573,219.082,29696,37.2163,375,233.476,-1.5,61.5368,1.08,2881.25,19,49,11,31,38.0793,9,34380.3,38,38,38,0,439.097,14461.2,1949.05,7.07338,10.9207,306,525,1135,3647.71,148.332
PMLS_PLLS_21a,62_4_2_PLLS.CNG.swc,3028.85,2851.76,3719.77,4070.43,3185.85,3159.3,2614,2507.71,75.9822,38,32.93,34.4282,95.9223,159.822,34763.5,28.6073,272,405.9,1.02,46.4023,2.84,2508.12,38,80,4,43,76.0397,24.6906,47181.3,76,76,76,0,246.121,5540.62,2526.4,1.50822,0.762224,188,1199,1022,1588.11,209.93
PMLS_PLLS_21a,62_4_2_PMLS.CNG.swc,2323.76,1858.81,3243.72,3340.99,2393.64,2049.92,860,2824.72,64.9455,32.1667,65.59,32.1907,86.136,165.657,25046.3,37.7567,352,275.49,-0.23,52.3187,1.58,2825.05,30,70,10,41,59.0682,16.5,32324.3,60,58.4608,58.6651,0,291.123,7702.64,1790.65,4.16126,10.9318,259,607,1114,1972.25,133.492
PMLS_PLLS_21a,62_4_3_PLLS.CNG.swc,4074.93,3781.81,4735.72,4836.79,4175.9,4310.86,2660,4360.95,95.9144,53,17.18,52.6001,202.15,320.171,90077.1,56.741,475,500.651,-0.63,78.9252,4.75,4361.42,47,101,7,55,98.5983,29.323,126032,94,122.125,106.25,0,551.052,17699.8,5995.48,4.00401,-0.598314,282,1967,1760,5134.92,256.432
PMLS_PLLS_21a,62_4_3_PMLS.CNG.swc,2703.74,2128.43,3645.3,3788.6,2933.41,2724.71,764,3048.58,73.7711,35,158.06,35.3344,91.8715,183.633,23986,44.9647,358,201.328,0.33,56.7501,2.18,3049.02,35,81,11,47,70.0917,16.481,34049.5,70,70,70,0,332.568,9363.22,2077.45,3.8936,7.74165,254,666,1153,2419,187.789
PMLS_PLLS_21a,62_4_4_PMLS.CNG.swc,3032.58,2813.41,3118.8,3476.65,2649.52,2621.82,1109,2391.97,70.9704,35,21.28,30.9702,79.8753,152.282,18248.1,35.8347,315,246.239,-1.74,43.5553,1.94,2392.33,35,76,6,42,70.0567,16.123,27408.6,70,70,70,0,259.087,6423.27,1628.6,4.76634,0.609997,225,687,1071,1667.06,149.23
PMLS_PLLS_21a,75_1_1_PLLS.CNG.swc,4373.37,4140.38,5152.87,5451.31,5104.64,4698.53,2243,3905.52,104.52,57.25,61.4,32.0283,126.917,148.9,41102,56.7174,619,270.418,-1.21,48.2171,2.83,3906.09,53,115,9,63,112.515,31.3898,58864.6,106,132.382,119.526,0,203.935,4171.4,2583.85,3.33306,-10.5267,413,1292,1926,1175.13,293.568
PMLS_PLLS_21a,75_2_1_PLLS.CNG.swc,7783.62,6152.73,11027.7,12408.3,8236.59,8945.7,11549,14887.4,204.366,113.667,368.13,51.8413,339.847,302.324,535205,152.82,1638,641.441,-2.1,66.282,6.67,14888.6,105,222,12,118,217.188,60.9851,650834,210,232.612,223.382,0,386.453,9790.11,10010.4,1.07859,-14.2318,1053,5396,5814,3080.67,377.189
PMLS_PLLS_21a,75_5_1_PLLS.CNG.swc,5284.19,4712.81,6103.93,6772.48,5489.24,5355.12,3323,7095.43,118.708,75,28.06,46.6011,281.527,257.188,80150.2,64.9855,636,559.37,0.88,49.8139,7.75,7096.1,62,130,6,69,134.981,33.0896,123359,124,165.812,146.47,0,226.022,2044.3,9717.07,1.88095,-11.9805,391,1801,2169,1801.49,326.109
PMLS_PLLS_21a,84_4_1_21a.CNG.swc,4253.54,3814.78,6202.34,6403.03,3901.03,4266.03,2466,6773.24,109.704,61.3333,21.21,40.1826,174.484,217.672,101914,62.2939,652,886.6,-0.65,39.9926,3.92,6773.78,55,117,7,63,116.397,26.6135,124084,110,142.722,125.01,0,308.846,7211.6,7086.4,5.79279,-24.7303,371,1552,2328,2498.03,414.24
PMLS_PLLS_21a,85_2_1_PLLS.CNG.swc,4106.22,3350.42,4337.05,4974.93,3639.34,3629.61,1610,4266.21,96.5143,50.3333,27.74,47.1612,143.507,268.458,63012.2,45.1988,487,571.882,-2.19,91.5952,3.47,4266.67,46,103,11,58,93.7998,21.8053,78120.9,92,99.712,96.0188,0,520.52,18115.8,3652.21,6.44689,2.17298,304,1249,1592,4673.28,276.041
PMLS_PLLS_21a,85_3_1_PLLS.CNG.swc,4989.33,4179.4,4746.48,5130.75,4694.52,4438,1892,5470.43,103.333,60.5,256.95,56.8549,266.762,383.243,67447.8,68.9578,723,502.37,-1.86,76.5624,6.12,5470.98,52,116,12,65,104.758,24.173,91162.2,104,109.852,106.526,0,668.455,23963.9,6870.19,6.7377,-5.64916,485,1493,2287,6587.94,323.64
V1_V2,121012V1-2Slice2Cell1.CNG.swc,1590.78,1301.13,2985.59,3286.78,1800.5,1993.74,2821,3115.89,51.0911,25,59.01,37.0004,319.906,406.398,72773.1,41.7514,552,436.25,-1.29,37.0004,3.55,3116.15,25,55,5,31,50.0683,14.9683,85622.1,50,50,50,0,496.82,8432.31,5553.94,5.43497,-38.6473,408,995,2021,3202.16,180.099
V1_V2,121012V1-2Slice2Cell2.CNG.swc,1705.97,1576.8,2650.52,2888.3,1911.14,1843.79,1881,2169.87,51.2406,25,34.8,27.1565,122.72,146.16,46007.8,37.9729,478,325.819,-0.92,27.1565,1.71,2170.14,25,55,5,31,50.0878,13.6667,53958.1,50,50,50,0,197.475,3970.03,1655.73,3.26244,4.91223,361,912,1671,1053.73,184.639
V1_V2,121012V1-2Slice4Cell1.CNG.swc,1197.79,1109.21,1826.47,1947.72,1185.24,1272.24,617,1655.65,37.5276,17,27.01,29.6535,91.2203,159.474,18004.9,25.3564,282,204.382,0.56,35.9269,1.14,1655.83,17,40,6,24,34.0895,10.3333,20718.9,34,34,34,0,262.733,6473.86,1489.07,5.8357,5.9105,223,445,939,1665.05,173.621
V1_V2,121012V1-3Slice6Cell1.CNG.swc,2275.87,1794.42,2862.88,3191.04,2864.03,2789.81,2894,3185.98,56.9545,38.303,61.21,40.2538,441.051,469.601,83751.8,54.7273,817,374.081,-1.37,46.9972,5.04,3186.29,29,64,6,36,62.7146,15.8688,105866,58,85.3179,69.9064,0,489.901,6783.56,5571.79,3.80802,-7.79567,604,1477,2876,2618.75,203.536
V1_V2,121012V1-3Slice6Cell2.CNG.swc,2543.43,1971.78,3139.96,3842.16,2488.58,2746.4,3658,3556.41,62.8438,31,63.21,35.8333,196.63,229.341,77185.8,52.3571,812,397.77,1.08,49.9499,2.28,3556.74,31,70,8,40,62.1062,16.6045,93512.7,62,62,62,0,344.448,9180.01,2756.17,6.94997,7.89376,630,1469,2883,2395.44,177.54
V1_V2,121012V1-3Slice6Cell3.CNG.swc,1838.22,1564.93,2745.84,3061.74,2112.03,2418.88,2936,3089.21,54.1096,26,56.75,38.8132,159.205,245.028,66195.9,48.2712,584,376.38,0.94,54.8949,1.71,3089.52,26,60,8,35,52.0934,15.5515,84765.2,52,52,52,0,432.366,13519.1,2665.28,5.78903,7.90659,448,1090,2221,3466.92,188.67
V1_V2,121012V1-3Slice6Cell4.CNG.swc,1730.14,1395.94,2580.03,2853.74,2239.89,2391.59,2728,3120.02,51.0671,24,55.04,34.819,163.189,218.757,66348.4,42.7631,632,356.939,-0.31,49.1886,1.71,3120.27,24,55,7,32,48.0913,12.7905,78123.9,48,48,48,0,350.811,9672.13,2518.15,4.35295,6.90865,519,1156,2239,2506.09,236.888
V1_V2,121012V1-3Slice6Cell5.CNG.swc,1908.71,1371.25,2796.06,3174.68,2279.65,2125.52,3660,3488.52,54.4875,26,57.75,45.8376,179.241,316.248,94118.4,46.2349,634,479.131,0.77,65.4314,1.9,3488.83,26,60,8,35,52.0768,14.834,118492,52,52,52,0,632.698,24302.3,3299.09,7.00684,7.92317,483,1158,2378,6173.92,253.189
V1_V2,121012V1-3Slice6Cell6.CNG.swc,1573.87,1201.56,2026.36,2477.95,1866.06,1745.98,2408,2802.88,43.4473,21,64.76,43.0767,160.28,296.473,62359.7,37.7661,544,401.004,2.14,52.5633,1.33,2803.13,21,47,5,27,42.0496,12.0182,75474.6,42,42,42,0,592.188,22081.5,2814.05,3.61299,4.95043,415,948,1955,5599.3,226.957
V1_V2,121012V1-3Slice7Cell1.CNG.swc,1990,1866.04,3277.22,3431.09,2308.7,1970.89,4548,4344.39,58.6691,30,48.8,42.424,212.596,297.913,128132,47.3403,838,481.16,0.31,51.32,1.9,4344.74,30,65,5,36,60.0528,16.7667,203773,60,60,60,0,531.596,18232.4,3596.59,3.75609,4.94717,691,1515,3108,4680.77,334.709
V1_V2,32315-V1-3Slice2Cell1.CNG.swc,2078.98,2285.31,3722.88,3998.58,2680.58,3057.54,2078,3650.55,61.7212,33,69.73,48.5598,352.91,419.097,55918.3,59.4905,906,235.512,1.45,48.5598,5.79,3650.97,33,74,8,42,66.1205,10.7,78405,66,66,66,0,584.031,15911.1,4718.19,6.449,7.87951,700,1448,2948,4458.17,175.135
V1_V2,32315-V1-3Slice5Cell1.CNG.swc,2074.8,1789.93,2908.17,2992.72,2022.34,2279.83,1619,3270.9,55.3189,27,69.82,39.8592,201.434,265.849,46609.7,53.5792,804,233.071,2.63,47.9714,2.47,3271.2,27,65,11,39,54.1273,12,68336.3,54,54,54,0,445.944,13881.4,2788.47,9.53338,10.8727,635,1262,2406,3562.63,122.011
V1_V2,32315-V1-3Slice5Cell2.CNG.swc,3996.95,3134.81,5183.36,5706.63,4222.18,3986.53,10727,10713.6,92.7427,51.1792,115.35,21.0449,535.337,349.783,380659,85.3126,2655,726.23,3.76,48.086,3.61,10714.2,50,109,10,60,98.5475,24.4423,475510,100,99.2106,99.3108,0,151.188,10320.3,6612.02,9.0117,10.4525,2193,3863,9120,846.86,410.021
V1_V2,32315-V1-3Slice8Cell1.CNG.swc,2655.97,2184.29,4381.43,4794.16,3334.52,3226.89,7121,7939.13,72.0426,39,82.36,40.4541,406.576,350.676,227959,71.0871,1888,492.799,-5.38,40.4541,3.04,7939.59,39,83,5,45,78.0589,16.0524,278999,78,78,78,0,462.74,13190.5,5546.7,3.31479,4.94115,1635,2495,7165,3522.29,356.05
V1_V2,32315-V1-4Slice6Cell2.CNG.swc,4866.52,4142.7,8014.41,9272.72,6169.89,6131.16,14025,8908.34,133.661,73,69.62,53.4438,470.126,426.712,405677,117.888,2030,664.739,-2.56,62.5048,4.53,8909.08,73,154,8,82,146.083,44.6054,472297,146,146,146,0,597.422,19263.3,6741.64,7.87404,6.02226,1480,4950,7456,5121.49,370.672
V1_V2,32315V1-2Slice2Cell1.CNG.swc,2871.26,2457.64,5151.86,5714.79,3747.88,4128.08,6486,4818.88,84.2878,54.6842,55.18,66.3348,1027.23,1180.99,162674,77.1124,1262,549.149,-8.26,65.4148,9.48,4819.39,45,98,8,54,99.8301,24.9128,192317,90,156.26,116.241,0,1228.56,14691.3,12405.8,8.54351,-59.9903,986,2516,4353,6623.76,179.992
V1_V2,32315V1-3Slice7Cell1.CNG.swc,2537.33,2148.3,3773.99,4341.95,2802.05,2654.87,5759,4181.28,66.6302,35,67.67,41.7137,253.331,296.181,129926,64.9818,1070,491.91,4.48,58.3905,2.28,4181.64,35,78,8,44,70.0901,20.1131,168630,70,70,70,0,477.129,15045.1,3377.98,5.3106,7.90988,824,2239,3911,3879.37,211.301
V1_V2,32315V1-3Slice8Cell2.CNG.swc,2584.28,2288.58,3918.31,4564.42,2950.63,2541.69,4169,4476.03,74.0396,37,71.29,41.5001,228.785,278.795,169509,67.4632,947,756.04,-0.86,57.7851,2.66,4476.42,37,83,9,47,74.1038,19.8352,192248,74,74,74,0,453.122,14010.5,3512.59,7.07641,8.89621,688,1853,3308,3629.08,165.128
V1_V2,32315V1-3Slice8Cell3.CNG.swc,2530.74,1771.37,4568.78,5314.33,3045.1,3165.69,5754,4955.88,78.1786,40,58.64,41.962,269.663,298.924,139019,67.949,1160,450.27,-2.14,58.3829,2.66,4956.34,40,87,7,48,80.0801,20.4076,162564,80,80,80,0,466.226,14372.1,3813.77,6.63873,6.91993,968,1987,4029,3733.08,218.35
V1_V2,32315V1-3Slice8Cell4.CNG.swc,1446.1,1219.83,2223.48,2559.79,1742.59,1764.78,1960,2071.46,42.7209,21,26.91,54.966,440.609,559.42,53428.9,33.3241,526,399.6,0.03,80.6506,4.44,2071.7,21,48,6,28,42.2486,13.4701,63230.9,42,42,42,0,726.155,17883,5775.89,4.66315,5.75144,389,997,1902,5354.09,186.41
V1_V2,32315V1-4Slice5Cell1.CNG.swc,1936.04,1942.98,3991.55,4198.71,3239.17,2662.74,3512,3762.37,66.339,34,59.82,36.62,209.78,238.281,82405.2,59.2396,878,426.52,2.02,50.9401,2.47,3762.74,34,75,7,42,68.0917,15.3325,98363.7,68,68,68,0,355.525,9581.33,2897.67,5.638,6.90834,693,1562,2987,2501.61,176.668
V1_V2,32315V1-4Slice5Cell2.CNG.swc,2892.64,2591.52,5173.66,5597.71,3554.37,3898.37,5189,4966.16,85.6011,44,53.66,43.8616,242.302,300.097,205564,65.3085,1004,621.77,-2.52,43.8616,3.42,4966.61,44,93,5,50,88.0547,18.947,227025,88,88,88,0,502.361,16453.4,3901.41,4.81487,4.94531,681,2308,3569,4253.67,236.58
V1_V2,32315V1-4Slice6Cell1.CNG.swc,3421.88,2759.23,4794.65,5490.33,4176.25,4270.39,7313,7478.82,81.7736,51.7368,90.84,48.973,602.964,683.323,275396,71.9852,1718,961.59,-2.21,57.8337,2.47,7479.29,45,95,5,51,96.7863,27.2988,329640,90,148.859,110.52,0,909.51,22170,8675.37,4.8269,-43.1548,1295,2653,5617,7014.37,291.241
V1_V2,32315V1-4Slice6Cell2.CNG.swc,2501.59,2188.02,4276.3,4607.9,2963.41,2696.05,5136,5451.57,72.7532,38,71.37,39.7115,307.952,300.703,146287,68.8445,1302,371.351,1.46,39.7115,3.03,5452,38,84,8,47,76.0987,19.1046,175926,76,76,76,0,415.968,11466.5,4172.18,9.2115,4.11183,1009,2092,4459,3046.31,328.349
V1_V2,32315V1-4Slice8-Cell2.CNG.swc,3864.63,3518.45,4808.92,5176.67,3657.52,3502.81,6375,5301.21,88.9577,48,96.06,56.8292,393.904,490.293,89976.4,90.3743,1227,296.881,-0.21,67.5115,4.7,5301.71,48,104,8,57,96.0705,23.1314,157256,96,96,96,0,824.082,31430,6134.28,9.1526,-14.1856,936,2447,4392,8312.24,186.612
V1_V2,32315V1-4Slice8Cell1.CNG.swc,2657.53,2135.36,4187.19,4827.89,3163.48,2987.36,8480,5840.42,76.8806,41.8421,67.53,44.8058,452.044,409.21,201297,72.4706,1570,437.11,9.81,77.0416,4.29,5840.91,39,89,11,51,79.998,20.5343,247284,78,84.9041,81.8885,0,504.052,13390.1,5558.24,6.48602,-6.237,1209,2900,5576,3688.49,182.281
V1_V2,4314ARCHV1-2Slice5Cell1.CNG.swc,1462.1,1212.15,1938.89,2187,1659.47,1618.57,3447,1880.15,38.3916,19,24.11,36.0145,179.327,246.286,64363.6,37.3038,697,276.279,1.14,59.4629,0.95,1880.35,19,43,5,25,38.06,11.6667,81333.1,38,38,38,0,412.916,12434.6,1898.84,3.86275,4.93996,538,1315,2587,3161.5,169.017
V1_V2,4314ARCHV1-2Slice8Cell1.CNG.swc,2930.14,2225.68,3853.84,4430.45,2973.6,2866.52,8613,4643.08,73.9451,38,46.73,36.9024,301.119,275.824,160959,61.0717,1361,353.659,-4.69,51.0785,2.28,4643.5,38,82,6,45,76.0794,21.4705,202278,76,76,76,0,362.695,9312.18,3411.35,4.51219,5.92065,1146,2501,5002,2459.3,283.277
V1_V2,4314ARCHV1-2Slice8Cell2.CNG.swc,2079.42,1592.63,3378.27,3689.63,2224.62,2172.02,4030,2693.01,56.8934,29,44.93,31.797,199.506,205.669,77257.8,52.0668,853,307.95,1.07,38.0363,1.71,2693.31,29,64,6,36,58.09,17.7143,96162,58,58,58,0,276.199,6372.73,2103.14,5.32366,5.91001,676,1691,2976,1669.19,210.969
V1_V2,72513V1-2Slice10Cell1.CNG.swc,2266.63,2250.68,4336.05,4650.21,3561.39,3500.46,4605,4694.3,71.8973,40.3074,85.15,16.9508,292.847,216.723,120911,66.606,1252,418.559,2.72,21.8133,3.4,4694.64,38,82,7,45,75.9108,16.3604,144867,76,80.0277,78.0788,0,89.3764,1763.61,3229.44,13.2393,9.00813,1031,1950,4192,265.985,181.59
V1_V2,72513V1-2Slice12Cell1.CNG.swc,1465.42,1395.24,2900.53,3098.94,2297.16,2267.86,3268,3277.23,53.6893,25,67.18,36.7575,239.436,269.984,84483.4,44.0052,859,384.52,0.56,58.9407,1.69,3277.53,25,58,8,34,50.1015,17.3,95911.5,50,50,50,0,390.712,10543.2,3040.27,5.86318,2.17826,726,1344,2962,2782.77,214.9
V1_V2,72513V1-3Slice2Cell1.CNG.swc,2745.15,2249.51,4425.23,4889.74,3155.53,3484.06,5145,4083.28,75.4637,40,69.28,35.5382,284.157,256.374,109984,70.4171,1284,328.69,0.48,35.5382,2.66,4083.72,40,85,5,46,80.0699,21.8906,135370,80,80,80,0,326.39,7867.74,3008.46,5.92132,4.93009,1020,2132,4718,2082.34,219.148
V1_V2,72513V1-3Slice3Cell1.CNG.swc,2307.49,1814.53,4032.61,4472.84,2646.46,2690.8,4479,4578.77,68.4147,35,77.7,37.108,244.902,260.517,110043,58.3368,1056,323.073,-1.9,37.108,2.85,4579.16,35,74,4,40,70.0509,13.1412,137566,70,70,70,0,380.65,10457.6,3424.21,5.29175,3.94914,820,1681,3892,2743.82,278.577
V1_V2,72513V1-3Slice6Cell1.CNG.swc,2023.01,1700.42,3494.04,3840.39,2365.83,2157.27,4074,3262.87,61.3071,31,71.4,26.9998,203.52,171.538,97824.8,59.5977,915,347.36,0.29,31.9447,2.66,3263.22,31,68,6,38,62.1131,12.2321,117884,62,62,62,0,185.457,3208.91,2260.17,4.98497,5.8869,693,1649,3275,894.465,182.769
V1_V2,72513V1-3Slice6Cell2.CNG.swc,2500.05,1888.73,3414.46,4069.06,3085.21,3296.38,4677,3771.49,68.1472,34,83.22,32.3348,223.302,208.894,82665.9,65.3893,986,255.07,3,50.3158,2.47,3771.87,34,77,9,44,68.1404,17.9306,119342,68,68,68,0,260.802,5662.2,2709.16,5.08321,8.85958,741,1766,3518,1522.15,241.414
V1_V2,72513V1-3Slice7Cell2.CNG.swc,2665.48,2364.86,4358.25,4409.34,3066.37,3073.77,3932,3900.36,74.3927,39.8947,81.49,35.3613,315.222,276.802,89864,59.4845,913,401.331,-1.78,35.2713,4.09,3900.73,38,81,5,44,77.9935,19.931,106235,76,81.5845,79.435,0,278.901,4695.82,4340.71,5.2133,-6.46719,722,1537,3141,1509.45,214
V1_V2,72513V1-3Slice8Cell1.CNG.swc,2439.15,2246.5,4025.32,4401.43,3028.97,2974.22,6293,4267.98,69.4496,36,54.63,29.9172,252.546,207.314,139277,58.791,1156,570.43,1.52,29.9172,2.47,4268.38,36,77,5,42,72.0851,18.8347,169230,72,72,72,0,228.277,4358.87,2931.79,4.96845,4.91486,930,2127,4072,1210.42,201.15
V1_V2,72513V1-3Slice9Cell1.CNG.swc,1506.43,1364.72,2555.12,2720.09,1739.82,1485.84,1555,2194.85,45.5138,22,98.46,26.3316,147.607,152.758,33458.6,40.3604,614,196.45,-1.97,31.4895,1.9,2195.13,22,51,7,30,44.1266,9.69206,44907.8,44,44,44,0,190.695,3632.35,1649.78,3.28741,6.8734,479,967,2117,970.03,126.078
V1_V2,72513V1-3Slice9Cell2.CNG.swc,2407.32,2099.08,4145.61,4595.56,3315.67,3174.89,7333,4666.44,73.2261,37,70.13,33.7393,303.119,251.144,187149,70.2656,1398,587.98,4.53,39.9891,2.85,4666.82,37,82,8,46,74.1198,18.3614,219882,74,74,74,0,292.494,6409.96,3283.21,6.81577,7.88022,1148,2318,4971,1734.45,190.461
V1_V2,72513V1-4Slice2Cell1.CNG.swc,2806.35,2294.49,4714.78,5387.39,3085.4,3189.81,7954,5145.73,81.2837,42,71.93,36.2357,329.569,274.243,160269,76.456,1525,334.611,6.14,42.8721,3.04,5146.21,42,92,8,51,84.1129,21.3157,201679,84,84,84,0,327.857,7651.68,3632.12,5.86047,7.8871,1165,2740,5529,2058.45,245.77
V1_V2,72513V1-4Slice2Cell2.CNG.swc,2047.68,1760.87,3229.01,3527.57,2813.9,2585.99,3334,3050.14,58.8049,30,77.32,32.6147,198.262,211.193,82741.9,50.49,840,366.98,1.55,39.0584,1.9,3050.43,30,65,5,36,60.0726,16.3792,96006.6,60,60,60,0,292.365,7017.45,2349.62,5.00478,4.92736,685,1479,2901,1840.48,174.563
V1_V2,72513V1-4Slice2Cell3.CNG.swc,2146.41,1981.21,3725.48,4057.37,3141.98,2833.01,4576,3693.26,66.1296,33,85.09,30.4646,235.887,203.835,98977.6,61.267,1064,328.62,1.44,36.0858,2.66,3693.61,33,74,8,42,66.133,16.3688,119934,66,66,66,0,235.382,4682.96,2607.54,5.87951,7.86704,801,1772,3739,1275.14,244.18
V1_V2,72513V1-4Slice2Cell4.CNG.swc,1375.97,1139.58,2311.54,2631.88,1821.36,1697.74,3280,3989.05,48.1784,22,56.74,42.1606,256.471,321.467,131121,46.2297,1065,546.33,-0.42,78.2412,1.52,3989.28,22,53,9,32,44.0938,12.8034,152078,44,44,44,0,552.155,19019.6,3413.63,4.24078,8.9062,833,1766,3805,4867.49,301.452
V1_V2,72513V1-4Slice3Cell1.CNG.swc,3157.97,2340.11,5084.44,5969.78,3621.3,3432.87,5239,5032.59,91.3457,46,98.15,39.0524,324.959,283.703,150126,92.0985,1489,325.711,-0.75,60.0766,3.42,5033.1,46,103,11,58,92.1471,22.9805,175784,92,92,92,0,359.143,9000.19,3629.34,6.96745,10.8529,1068,2745,5119,2392.35,351.88
V1_V2,72513V1-4Slice3Cell2.CNG.swc,1391.93,1106.03,2581.91,2798.39,2377.42,2106.86,3794,3169.87,46.918,22,73,30.945,375.647,342.63,133666,41.915,919,773.38,-1.27,36.5163,2.82,3170.11,22,51,7,30,48.0447,11.1333,147836,44,59.374,52.12,0,326.432,4559.89,4379.72,5.01935,-10.6763,746,1409,3263,1621.75,157.94
V1_V2,72513V1-5Slice2Cell1.CNG.swc,2319.78,1850.23,3618.27,4104.75,3042.58,3143.79,7609,5102.44,68.2397,34,63.08,31.3772,305.086,240.413,207511,62.5509,1421,595.36,-0.53,31.3772,2.85,5102.8,34,75,7,42,68.1119,15.8162,238420,68,68,68,0,262.22,5267.08,3481.83,5.77327,6.88813,1180,2514,5141,1461.11,197.835
V1_V2,72513V1-5Slice3Cell1.CNG.swc,2309.29,1896.63,4004.45,4444.54,3289.34,3304.15,6660,4824.15,70.2944,35,67.81,29.8185,280.613,217.575,175206,62.5105,1306,581.72,0.66,29.8185,2.66,4824.54,35,77,7,43,70.1208,16.8447,202305,70,70,70,0,227.503,4189.08,3253.55,6.73751,6.87925,1071,2093,4669,1183.75,220.432
V1_V2,72513V1-6Slice2Cell1.CNG.swc,997.521,1017.43,2377.9,2541.5,1739.88,1783.43,1973,3249.38,43.921,20,65.16,30.9332,222.53,220.565,114639,36.6841,969,554.43,-0.33,37.3365,1.33,3249.62,20,47,7,28,40.1023,12.5,125374,40,40,40,0,292.715,6883.31,2461.59,5.88392,6.89767,797,1312,2901,1812.6,283.58
V1_V2,72513V13Slice7Cell1.CNG.swc,1376.56,1133.65,2619.89,2817.02,1954.78,1811.27,1619,1923.48,47.6885,22,40.16,29.4247,120.802,161.063,38258.9,44.0433,450,330.53,-0.16,41.192,1.9,1923.74,22,52,8,31,44.1271,10.0143,42814.6,44,44,44,0,237.263,5366.32,1589.94,4.17153,7.87288,333,894,1581,1395.78,155.17
V1_V2,72715-V1-2slice10.CNG.swc,1552.52,1174.97,2364.72,2683.21,1869.13,1809.06,2249,2638.24,45.3304,28.7895,45.58,41.6651,357.543,439.004,93008.1,34.9547,582,530.1,-1.23,58.2827,4.46,2638.51,22,50,6,29,49.1197,11.75,104157,44.5076,101.709,62.8321,0.34,551.22,11730.9,5407.52,6.69511,-22.4518,435,1101,2104,3769.65,143.37
V1_V2,72715-V1-2slice5.CNG.swc,1380.98,1350.14,3323.67,3438.51,2009.77,2203.76,3197,3271.02,54.7147,27.4258,46.88,36.4509,601.107,622.919,86304.9,52.8117,768,364.21,-1.35,39.0337,8.54,3271.37,27,61,8,35,53.002,13.6421,99096.9,54,53.4919,53.5874,0,478.414,6261.55,8021.98,8.236,1.14086,605,1276,2737,2363.37,163.019
V1_V2,72715-V1-2slice5cell2.CNG.swc,2060.47,1798.89,3266.5,3445.46,2467.33,2756.07,3637,3663.83,56.0365,31.8947,45.25,43.1952,319.543,372.503,125926,50.259,887,624.82,2.42,50.909,3.19,3664.15,29,64,6,36,61.0333,14.6277,147278,58,72.169,64.6863,0,511.721,13246.1,4329.81,5.89654,6.68293,669,1473,3101,3729.25,140.291
V1_V2,72715-V1-2slice5cell3.CNG.swc,1906.23,1738.12,3550.97,3719.05,2647.4,2761.07,2981,3679.48,62.4803,31,40.9,37.7406,211.271,250.976,80861.8,55.0684,874,314.78,-1.8,52.8109,2.47,3679.83,31,70,8,40,62.0996,14.3737,98832.6,62,62,62,0,390.497,11149,2917.99,4.72302,7.9004,695,1443,2980,2891.14,205.99
V1_V2,72715-V1-2slice8.CNG.swc,1377.29,1261.28,3140.27,3225.63,2454.56,2222.98,2081,4058.52,55.8727,26.9474,73.27,50.2845,419.367,511.973,94595.8,53.3636,945,453.891,-0.5,76.4478,4.64,4058.91,26,65,13,40,51.8869,12.3333,116519,52,51.2637,51.368,0,704.905,17711.7,5812.22,11.4048,9.78275,771,1342,3092,5287.82,187.761
V1_V2,72715-V1-2slice9.CNG.swc,2136.74,1805.7,3790.06,4150.57,2576.91,2308.82,2988,4348.13,69.4157,33,57.02,54.982,262.973,421.791,120810,62.9647,1019,491.2,-2.02,101.224,2.47,4348.55,33,78,12,46,66.0978,17.1333,137726,66,66,66,0,882.382,39776,4288.07,10.247,11.9022,823,1621,3469,10066.6,164.422
V1_V2,72715-V1-2slice9cell2.CNG.swc,2703.12,2085.09,3544.08,4171.54,3019.12,2622.39,5541,4378.71,65.6646,34,57.38,39.86,253.795,287.253,124817,51.1899,931,584.83,0.38,47.6075,2.82,4379.03,34,74,6,41,68.0727,17.6444,150991,68,68,68,0,426.137,12099,3750.99,4.69474,1.179,747,1667,3278,3200.99,185.55
V1_V2,72715-V1-3Slice5Cell1.CNG.swc,3235.12,2517.22,3694.12,4270.83,3046.61,3365.11,5659,4809.59,73.215,39,77.43,45.2697,332.05,382.108,101629,63.9667,1198,268.467,1.65,53.7146,3.94,4810.02,39,85,7,47,78.0779,21.3794,146262,78,78,78,0,562.206,15625.9,4431.01,4.91697,-6.55155,963,1878,4154,4314.27,223.178
V1_V2,72715-V1-3Slice9Cell1.CNG.swc,2602.84,2301.99,3241.14,3520.98,2313.53,2372.68,2818,2891.1,64.4122,33,41.31,36.6416,170.767,222.955,53479,53.2797,671,298.27,-0.36,36.6416,2.09,2891.45,33,73,7,41,66.091,18.9573,70616.2,66,66,66,0,354.497,9786.94,2386.82,7.84673,6.909,454,1245,2347,2528.3,168.169
V1_V2,72715-V1-5Slice4Cell1.CNG.swc,2315.7,1829.6,3337.48,3627.26,2212.74,2252.17,2456,3466.66,59.8596,31,57.53,37.77,186.425,243.489,53619.8,49.8968,740,307.439,2.22,53.0451,2.47,3467,31,68,6,38,62.0737,12.1833,66341,62,62,62,0,396.578,11598,2810.2,5.15244,5.92629,626,1083,2391,2997.36,177.45
V1_V2,72715-V1-5Slice4Cell2.CNG.swc,3234,2810.38,4921.85,5496.5,4013.07,3967.16,6458,5633.05,88.1381,45,43.81,43.085,309.822,314.669,141696,83.8071,1373,382.22,-1.82,59.4024,3.42,5633.56,45,99,9,55,90.1036,21.804,198584,90,90,90,0,466.881,14112.5,4207.76,7.56747,8.89641,967,2521,4876,3687.38,221.151
V1_V2,72715-V1-5Slice4Cell3.CNG.swc,2873.8,2380.07,4986.52,5528.16,4079.63,4615.58,7396,8502.88,88.7256,44,48.73,51.9936,398.425,430.516,393135,75.6385,1772,949.52,1.99,82.8663,2.85,8503.44,44,100,12,57,88.1098,24.6795,439074,88,88,88,0,727.904,28106.3,6416.45,10.3871,11.8902,1309,3196,6158,7267.08,232.018
V1_V2,72715-V1.CNG.swc,1786.56,1540.67,3042.01,3354.39,1862.8,1958.13,3073,3124.96,56.4684,27,43.91,41.9784,190.843,288.052,64434.4,44.0632,609,371.33,0.46,59.2827,2.26,3125.31,27,61,7,35,54.076,14.5887,74549.3,54,54,54,0,508.133,16786.2,3336.88,5.95396,-4.44445,447,1217,2181,4357.79,192.708
V1_V2,72715.CNG.swc,1249.98,1002.6,2079.57,2404.35,1496.72,1424.57,1650,2312.91,39.5121,20,24.38,39.6542,131.111,254.714,77186.9,29.218,416,705.72,1.75,48.3327,1.33,2313.12,20,45,5,26,40.0541,11,84797.1,40,40,40,0,495.358,16954.1,2336.45,5.03237,4.94586,298,820,1507,4303.6,160.761
V1_V2,73014V1-2Slice11Cell1.CNG.swc,2530.72,2578.69,3240.6,3094.86,3081.55,2935.09,4434,3412.3,62.334,32,44.27,42.3276,323.506,337.031,85324.8,55.4721,1430,304.091,-1.16,68.2307,2.28,3412.63,32,72,8,41,64.0871,14.454,119623,64,64,64,0,519.252,16687.6,2982.44,5.72888,7.91294,1207,2034,4769,4268.18,180.65
V1_V2,73014V1-2Slice1Cell1.CNG.swc,2018.24,1971.85,3441.94,3469.76,1974.3,1930.91,2600,3057.87,60.1798,31.133,55.43,17.2256,266.759,219.085,49513.7,55.2155,922,200.143,3.26,42.1938,3,3058.19,30,68,9,39,58.5884,17.873,66132.7,60,59.2198,59.321,0,113.224,4295.42,2638.83,7.65376,-10.8515,737,1425,3122,479.855,205.117
V1_V2,73014V1-2Slice1Cell2.CNG.swc,1178.77,1002.65,1872,2052.63,1360.86,1298.81,891,1517.61,36.3097,17,72.48,28.9329,131.654,170.447,25282,35.372,502,177.139,-0.79,28.9329,1.52,1517.85,17,41,7,25,34.1083,8.6,34566.9,34,34,34,0,251.077,5807.78,1371.58,5.93589,6.89171,376,848,1677,1494.63,179.679
V1_V2,73014V1-2Slice2Cell1.CNG.swc,2377.62,2226.97,4446.68,4475.77,2739.42,3107.62,5316,5161.2,72.663,37,39.5,41.6208,272.286,305.278,178169,64.4143,1169,525.63,-2.36,58.3462,2.66,5161.58,37,79,5,43,74.0562,16.4222,204736,74,74,74,0,482.513,15167.3,3967.54,4.52259,4.94384,874,2194,4187,3937.68,221.74
V1_V2,73014V1-2Slice2Cell2.CNG.swc,2365.73,2148.74,3903.06,4156.09,2594.2,2754.18,3978,3134.56,68.4693,35,82.23,42.3292,217.584,289.215,54934,59.1034,874,194.61,3.99,50.9165,2.28,3134.95,35,76,6,42,70.0657,18.4462,75053.2,70,70,70,0,498.337,16417.9,2806.39,7.87177,5.93435,701,1509,3066,4192.86,195.871
V1_V2,73014V1-2Slice2Cell3.CNG.swc,2238.72,2036.44,2806.44,3187.39,2060.56,2107.51,2320,3003.98,58.6636,28,70.13,41.1535,201.57,278.621,47190.6,50.3695,793,192.115,0.43,49.6369,2.09,3004.3,28,65,9,38,56.0997,15.6667,63655.3,56,56,56,0,484.77,15841.5,2706.39,8.28014,8.90033,645,1359,2703,4045.08,178.433
V1_V2,73014V1-2Slice2Cell4.CNG.swc,1502.26,1327.75,2088.72,2349.21,1852.56,1795.63,1291,2563.34,43.4815,20,46.05,31.5776,169.251,200.746,42038.2,41.6177,685,186.618,1.85,44.6115,1.52,2563.58,20,48,8,29,40.1149,10,50501.8,40,40,40,0,294.021,7241.6,2069.96,5.11612,7.88506,580,1015,2224,1882.71,241.704
V1_V2,73014V1-2Slice3Cell1.CNG.swc,1339.41,1027.97,2275.24,2634.12,1749.78,1577.2,1524,2333.42,47.6033,21.8225,61.1,13.6985,176.387,137.806,39038.9,45.4368,820,141.602,0.88,63.4727,1.71,2333.7,21,54,13,34,40.7311,10.1667,47906.8,42,41.3011,41.4064,0,66.5332,2911.93,1507.99,8.31903,13.2689,712,1105,2715,285.2,142.606
V1_V2,73014V1-2Slice3Cell2.CNG.swc,2118.95,1880.39,2612.45,3006.28,2336.42,2446.69,4588,2575.25,49.0763,27,74.05,32.527,214.376,221.844,53481.2,52.0997,921,183.989,-3.88,39.0913,1.9,2575.52,27,59,5,33,54.0713,14.8896,89407.4,54,54,54,0,304.66,7405.75,2085.45,4.46764,4.92867,710,1551,3303,1924.09,159.888
V1_V2,73014V1-2Slice3Cell3.CNG.swc,2302.96,1960.27,3010.76,3265.57,2417.44,2535.76,3233,3090.62,57.1013,29,66.26,37.9924,253.734,273.093,79485.5,59.125,1094,316.029,2.25,53.2835,2.09,3090.97,29,67,9,39,58.1105,16.2111,103557,58,58,58,0,407.401,11628.5,2586.93,7.63697,8.88954,889,1666,3948,2994.33,146.61
V1_V2,73014V1-2Slice3Cell4.CNG.swc,1486.79,1524.33,3313.95,3342.84,2650.02,2468.37,6539,4026.31,56.3958,27,53.31,32.8001,271.785,243.206,183940,53.6021,1227,535.86,5.13,58.5702,1.71,4026.62,27,63,9,37,54.1308,16.6968,206984,54,54,54,0,303.242,7003.02,2931.32,4.70913,8.86922,1016,2178,4463,1864.55,179.439
V1_V2,73014V1-2Slice4Cell1.CNG.swc,1963.88,1597.26,3278.08,3483.41,1745.23,1442.13,2195,2819.73,57.9191,28,45.79,35.9704,230.656,248.255,56993.5,52.6359,987,216.945,-1.97,35.9704,2.66,2820.06,28,65,9,38,56.1174,9.5,68374.9,56,56,56,0,361.135,9690.46,2339.94,10.3175,8.8826,796,1332,3217,2502.16,175.503
V1_V2,73014V1-2Slice4Cell2.CNG.swc,1594.14,1452.31,3289.52,3342.04,2398.43,2340.75,2438,2387.29,56.0092,27,41.06,32.3347,189.777,207.906,43965.7,48.2976,743,204.045,1.94,38.4858,2.09,2387.56,27,61,7,35,55.9982,13.3737,57031.8,54,59.5845,57.435,0,285.12,6654.39,2050.95,5.29232,4.05441,577,1225,2547,1747.13,181.431
V1_V2,73014V1-2Slice4Cell3.CNG.swc,1663.37,1428.81,2867.49,3183.12,2130.32,2097.52,6435,3846.95,53.8241,26,57.9,41.203,525.23,458.614,162684,50.6268,1305,480.319,0.26,48.2662,3.7,3847.27,26,60,8,35,52.2042,13.9286,203413,52,52,52,0,470.093,9553.99,5114.26,6.40857,7.79581,1048,2132,4712,2800.6,185.64
V1_V2,73014V1-2Slice5Cell1.CNG.swc,3250.47,2537.37,4387.52,5277.09,3714.41,3797.52,8502,4387.97,79.7348,43,83.17,48.5139,687.711,577.046,122616,74.7303,1734,243.27,1.42,56.2023,5.55,4388.4,43,90,4,48,86.094,19.9521,183485,86,86,86,0,575.623,12233.9,5859.68,5.13426,3.90601,1431,2674,6241,3528.64,203.621
V1_V2,73014V1-2Slice5Cell2.CNG.swc,2598.81,2293.67,3910.59,4462.42,3275.01,3350.7,5901,3950.29,73.5025,37,76.93,61.2804,1191.93,1146.65,115481,75.2835,1637,233.622,-1.11,83.1908,9.99,3950.71,37,84,10,48,74.343,16.3751,156440,74,74,74,0,1006.41,10799,9380.46,7.31499,6.63246,1290,2706,5716,4258.04,210.829
V1_V2,73014V1-2Slice5Cell3.CNG.swc,1897.81,1713.86,4100.58,4172.35,2824.38,2826.76,7913,5065.67,68.9352,34,41.36,52.996,1192.45,1115.63,245353,63.3778,1567,556.47,0.31,58.4751,8.88,5066.08,34,75,7,42,68.4428,18.8306,282959,68,68,68,0,887.605,5011.77,12178.8,4.345,6.55719,1294,2625,5563,3426.77,189.349
V1_V2,73014V1-2Slice6Cell1.CNG.swc,2353.16,2179.94,4716.7,5009.89,3178.58,3372.86,13105,5242.32,77.6394,40,69.71,61.4418,1656.15,1546.71,294967,75.8528,2184,570.229,1.94,68.1072,8.88,5242.73,40,86,6,47,80.3155,24.5015,338655,80,80,80,0,1249.01,8727.38,12775.8,4.16865,5.68445,1687,3972,7747,4430.63,219.711
V1_V2,73014V1-2Slice8Cell1.CNG.swc,1341.95,1275.9,2261.88,2575.7,1787.71,1659.42,1967,2926.38,45.9686,21,57.58,34.4703,263.555,259.749,67705.5,47.7779,1163,221.023,-0.84,62.8606,1.9,2926.63,21,52,10,32,42.1321,7.2,81660.7,42,42,42,0,357.938,9335.96,2387.34,6.54404,9.86792,1022,1428,3737,2416.56,180.446
V1_V2,73014V1-2Slice8Cell2.CNG.swc,1493.63,1435.2,2475.71,2571.1,2110.58,2185.95,1929,2747.76,51.1628,23,47.34,38.6578,236.492,277.408,56683.2,50.5373,992,226.042,-0.75,78.6675,1.9,2748.01,23,57,11,35,46.1291,10.4889,69839.7,46,46,46,0,439.969,13316.6,2452.97,7.30195,10.8709,828,1343,3274,3406.62,146.788
V1_V2,73014V1-2Slice9Cell2.CNG.swc,1568.71,1258.64,2369.88,2662.78,1662.44,1963.85,2067,1972.71,48.0916,22,38.62,27.1068,171.76,165.924,42279.8,41.1062,738,191.737,-0.12,48.1335,1.9,1973.02,22,53,9,32,44.1598,9.55,56422.5,44,44,44,0,200.793,3848.76,1530.9,6.85218,8.84024,569,1230,2521,1017.83,154.591
V1_V2,73014V1-2Slice9Cell3.CNG.swc,1158.08,1212.99,2282.3,2398,1458.83,1430.75,1758,1632.79,43.3869,21,37.7,31.216,158.354,194.707,32814.7,39.1963,629,159.261,0.86,37.69,1.33,1633.07,21,48,6,28,42.0868,12.8333,45819.5,42,42,42,0,288.88,7110.79,1508.19,4.22693,5.91323,503,1006,2108,1823.63,126.26
V1_V2,73014V1-3Slice2Cell1.CNG.swc,2055.42,1749.51,4133.51,4496.07,3531.61,3425.28,6659,4951.76,72.1457,35,69.55,43.6181,380.827,365.003,196859,66.9374,1729,478.28,1.04,61.0572,2.47,4952.14,35,80,10,46,70.1078,20.0714,222147,70,70,70,0,537.115,17185.5,3920.28,8.84557,9.89222,1409,2601,5970,4436.28,229.229
V1_V2,73014V1-3Slice2Cell2.CNG.swc,1897.31,1603.22,3820.33,4295.27,2583.56,2404.58,9525,4731.57,67.1885,32,47.55,32.727,351,270.163,259021,60.3335,1652,608.29,-3.81,51.2872,2.28,4731.92,32,73,9,42,64.1361,17.0159,283407,64,64,64,0,294.691,6219.72,3312.07,6.73193,8.86389,1338,2545,5964,1688.74,182.41
V1_V2,73014V1-3Slice4Cell1.CNG.swc,1596.34,1794.23,2608.78,2713.22,2564.26,2337.66,3953,2675.7,50.64,25,62.11,36.221,278.911,277.382,66531.8,51.9822,1233,165.407,-1.76,43.6612,1.71,2675.96,25,58,8,34,50.1009,14.3333,93297.2,50,50,50,0,391.632,10729.7,2300.28,6.47676,7.89914,1067,1705,4201,2757.87,161.546
V1_V2,73014V1-3Slice4Cell2.CNG.swc,2072.27,1968.47,3815.88,3899.54,2678.97,2955.17,6979,4554.63,69.025,34,57.86,31.3546,371.552,266.538,209189,67.1587,1774,446.31,-2.03,37.1033,2.85,4555.01,34,77,9,44,68.1463,15.85,254701,68,68,68,0,264.773,5005.67,3140.23,6.91398,8.85369,1437,2867,6187,1380.24,244.879
V1_V2,73014V1-3Slice5Cell1.CNG.swc,1792.13,2024.48,2454.76,2344.12,2326.32,2466.31,2818,2494.7,50.2308,24,63.38,36.0362,216.694,248.771,43593.1,44.8232,907,172.761,-1.22,43.4302,2.09,2495,24,57,9,34,48.1142,11.3,64929.9,48,48,48,0,378.028,10530.5,2183.42,9.47556,8.88583,771,1290,3140,2702.94,132.14
V1_V2,73014V1-3Slice5Cell2.CNG.swc,1993.5,1573.68,3198.41,3493.61,2423.56,2476.38,2173,2430.48,57.1872,29,51.26,36.154,183.241,232.083,35107.7,45.7999,733,172.439,-1.71,36.154,2.28,2430.81,29,64,6,36,58.0768,13.2667,44837.8,58,58,58,0,366.955,10259.6,2133.14,7.32373,5.92322,628,1005,2474,2633.41,141.961
V1_V2,73014V1-3Slice6Cell1.CNG.swc,1477.36,1333.7,3268.07,3369.51,2195.05,2146.65,3708,4208.11,52.7555,26,41.41,36.7108,240.696,267.807,151507,45.0324,1025,789.11,-0.81,36.7108,1.71,4208.4,26,57,5,32,52.0613,14.0952,170692,52,52,52,0,406.623,11694.3,3256.97,4.96643,4.93873,834,1646,3543,3042.46,272.01
V1_V2,73014V1-4Slice3Cell1.CNG.swc,2419.67,2187.42,4880.79,4983.86,3096.54,3368.75,5134,4526.1,79.4403,40,52.96,31.3009,306.871,232.672,143053,73.8845,1440,395,-3.11,31.3009,2.66,4526.52,40,87,7,48,80.1179,22.6905,175979,80,80,80,0,240.625,4498.55,3093.97,5.1673,6.8821,1066,2429,4963,1252.66,248.24
V1_V2,73014V1-4Slice5Cell1.CNG.swc,2029.43,1689.75,4035.16,4253.42,2385.89,2879.49,5783,3577.39,64.6597,33,43.39,34.0689,243.668,237.662,156956,59.5141,1072,439.55,0.46,40.7336,2.09,3577.73,33,71,5,39,66.0703,18.0575,183580,66,66,66,0,317.412,7748.58,2700.64,4.29423,4.92973,814,2315,3931,2038.2,192.481
V1_V2,73014V12Slice9Cell1.CNG.swc,1771.19,1342.75,3027.34,3394.46,2376.44,2579.42,2044,2422.77,55.8965,27,40.14,35.849,202.734,238.141,47368.8,53.7605,838,214.138,0.29,43.1013,1.9,2423.06,27,62,8,36,54.1034,15.3333,57506.9,54,54,54,0,362.855,9952.88,2114.89,7.13883,7.89656,697,1206,2691,2556.5,159.498
